5/18/1975	https://www.retrosheet.org/boxesetc/1975/B05180HOU1975.htm
4/18/1976	https://www.retrosheet.org/boxesetc/1976/B04181HOU1976.htm
7/10/1976	https://www.retrosheet.org/boxesetc/1976/B07100HOU1976.htm
8/19/1979	https://www.retrosheet.org/boxesetc/1979/B08190HOU1979.htm
7/12/1980	https://www.retrosheet.org/boxesetc/1980/B07120HOU1980.htm
9/15/1981	https://www.retrosheet.org/boxesetc/1981/B09150HOU1981.htm
6/16/1982	https://www.retrosheet.org/boxesetc/1982/B06160HOU1982.htm
8/14/1986	https://www.retrosheet.org/boxesetc/1986/B08140HOU1986.htm
10/5/1986	https://www.retrosheet.org/boxesetc/1986/B10050HOU1986.htm
4/26/1987	https://www.retrosheet.org/boxesetc/1987/B04260HOU1987.htm
6/17/1987	https://www.retrosheet.org/boxesetc/1987/B06170HOU1987.htm
6/20/1987	https://www.retrosheet.org/boxesetc/1987/B06200HOU1987.htm
5/1/1988	https://www.retrosheet.org/boxesetc/1988/B05010HOU1988.htm
6/1/1988	https://www.retrosheet.org/boxesetc/1988/B06010HOU1988.htm
7/22/1988	https://www.retrosheet.org/boxesetc/1988/B07220HOU1988.htm
9/9/1988	https://www.retrosheet.org/boxesetc/1988/B09090SFN1988.htm
4/27/1989	https://www.retrosheet.org/boxesetc/1989/B04270OAK1989.htm
4/30/1989	https://www.retrosheet.org/boxesetc/1989/B04300OAK1989.htm
7/30/1989	https://www.retrosheet.org/boxesetc/1989/B07300OAK1989.htm
8/7/1989	https://www.retrosheet.org/boxesetc/1989/B08070SFN1989.htm
6/1/1990	https://www.retrosheet.org/boxesetc/1990/B06010SFN1990.htm
8/20/1990	https://www.retrosheet.org/boxesetc/1990/B08200SFN1990.htm
7/2/1991	https://www.retrosheet.org/boxesetc/1991/B07020SFN1991.htm
7/3/1991	https://www.retrosheet.org/boxesetc/1991/B07030SFN1991.htm
7/5/1991	https://www.retrosheet.org/boxesetc/1991/B07050SFN1991.htm
7/12/1991	https://www.retrosheet.org/boxesetc/1991/B07120OAK1991.htm
7/26/1991	https://www.retrosheet.org/boxesetc/1991/B07260SFN1991.htm
8/9/1991	https://www.retrosheet.org/boxesetc/1991/B08090SFN1991.htm
8/16/1991	https://www.retrosheet.org/boxesetc/1991/B08160SFN1991.htm
8/30/1991	https://www.retrosheet.org/boxesetc/1991/B08300SFN1991.htm
10/12/1992	https://www.retrosheet.org/boxesetc/1992/B10120OAK1992.htm
4/9/1993	https://www.retrosheet.org/boxesetc/1993/B04090SEA1993.htm
8/14/1993	https://www.retrosheet.org/boxesetc/1993/B08141OAK1993.htm
8/14/1993	https://www.retrosheet.org/boxesetc/1993/B08142OAK1993.htm
4/9/1994	https://www.retrosheet.org/boxesetc/1994/B04091SFN1994.htm
4/9/1994	https://www.retrosheet.org/boxesetc/1994/B04092SFN1994.htm
4/30/1994	https://www.retrosheet.org/boxesetc/1994/B04300OAK1994.htm
5/1/1994	https://www.retrosheet.org/boxesetc/1994/B05010OAK1994.htm
5/3/1994	https://www.retrosheet.org/boxesetc/1994/B05030OAK1994.htm
5/24/1994	https://www.retrosheet.org/boxesetc/1994/B05240LAN1994.htm
5/25/1994	https://www.retrosheet.org/boxesetc/1994/B05250SDN1994.htm
6/3/1994	https://www.retrosheet.org/boxesetc/1994/B06030COL1994.htm
6/6/1994	https://www.retrosheet.org/boxesetc/1994/B06060KCA1994.htm
6/8/1994	https://www.retrosheet.org/boxesetc/1994/B06080TEX1994.htm
6/11/1994	https://www.retrosheet.org/boxesetc/1994/B06110MIL1994.htm
6/13/1994	https://www.retrosheet.org/boxesetc/1994/B06130CHA1994.htm
6/15/1994	https://www.retrosheet.org/boxesetc/1994/B06150CLE1994.htm
6/17/1994	https://www.retrosheet.org/boxesetc/1994/B06170BAL1994.htm
6/19/1994	https://www.retrosheet.org/boxesetc/1994/B06190DET1994.htm
6/22/1994	https://www.retrosheet.org/boxesetc/1994/B06220CIN1994.htm
6/24/1994	https://www.retrosheet.org/boxesetc/1994/B06240MIN1994.htm
6/27/1994	https://www.retrosheet.org/boxesetc/1994/B06270MON1994.htm
6/29/1994	https://www.retrosheet.org/boxesetc/1994/B06290BOS1994.htm
7/2/1994	https://www.retrosheet.org/boxesetc/1994/B07020PIT1994.htm
7/4/1994	https://www.retrosheet.org/boxesetc/1994/B07041CHN1994.htm
7/4/1994	https://www.retrosheet.org/boxesetc/1994/B07042CHN1994.htm
7/6/1994	https://www.retrosheet.org/boxesetc/1994/B07060SLN1994.htm
7/8/1994	https://www.retrosheet.org/boxesetc/1994/B07080ATL1994.htm
7/10/1994	https://www.retrosheet.org/boxesetc/1994/B07100FLO1994.htm
7/18/1994	https://www.retrosheet.org/boxesetc/1994/B07180HOU1994.htm
7/22/1994	https://www.retrosheet.org/boxesetc/1994/B07222PHI1994.htm
7/24/1994	https://www.retrosheet.org/boxesetc/1994/B07240NYN1994.htm
7/26/1994	https://www.retrosheet.org/boxesetc/1994/B07260NYA1994.htm
7/28/1994	https://www.retrosheet.org/boxesetc/1994/B07280TOR1994.htm
8/3/1994	https://www.retrosheet.org/boxesetc/1994/B08030CAL1994.htm
9/17/1995	https://www.retrosheet.org/boxesetc/1995/B09170OAK1995.htm
4/20/1996	https://www.retrosheet.org/boxesetc/1996/B04200OAK1996.htm
5/3/1996	https://www.retrosheet.org/boxesetc/1996/B05030SFN1996.htm
5/19/1996	https://www.retrosheet.org/boxesetc/1996/B05192SFN1996.htm
6/14/1996	https://www.retrosheet.org/boxesetc/1996/B06140SFN1996.htm
6/15/1996	https://www.retrosheet.org/boxesetc/1996/B06150SFN1996.htm
6/16/1996	https://www.retrosheet.org/boxesetc/1996/B06160SFN1996.htm
8/4/1996	https://www.retrosheet.org/boxesetc/1996/B08040OAK1996.htm
4/5/1997	https://www.retrosheet.org/boxesetc/1997/B04050OAK1997.htm
4/6/1997	https://www.retrosheet.org/boxesetc/1997/B04060SFN1997.htm
4/19/1997	https://www.retrosheet.org/boxesetc/1997/B04190SFN1997.htm
5/26/1997	https://www.retrosheet.org/boxesetc/1997/B05260SFN1997.htm
6/15/1997	https://www.retrosheet.org/boxesetc/1997/B06150OAK1997.htm
8/10/1997	https://www.retrosheet.org/boxesetc/1997/B08101OAK1997.htm
9/4/1997	https://www.retrosheet.org/boxesetc/1997/B09040SFN1997.htm
9/6/1997	https://www.retrosheet.org/boxesetc/1997/B09060SFN1997.htm
9/18/1997	https://www.retrosheet.org/boxesetc/1997/B09180SFN1997.htm
10/3/1997	https://www.retrosheet.org/boxesetc/1997/B10030SFN1997.htm
4/15/1998	https://www.retrosheet.org/boxesetc/1998/B04150ATL1998.htm
5/22/1998	https://www.retrosheet.org/boxesetc/1998/B05220HOU1998.htm
7/28/1998	https://www.retrosheet.org/boxesetc/1998/B07280OAK1998.htm
8/8/1998	https://www.retrosheet.org/boxesetc/1998/B08080SFN1998.htm
4/13/1999	https://www.retrosheet.org/boxesetc/1999/B04130SFN1999.htm
6/27/1999	https://www.retrosheet.org/boxesetc/1999/B06270SFN1999.htm
9/6/1999	https://www.retrosheet.org/boxesetc/1999/B09060OAK1999.htm
9/26/1999	https://www.retrosheet.org/boxesetc/1999/B09260SFN1999.htm
5/2/2000	https://www.retrosheet.org/boxesetc/2000/B05020SFN2000.htm
6/4/2000	https://www.retrosheet.org/boxesetc/2000/B06040OAK2000.htm
6/16/2000	https://www.retrosheet.org/boxesetc/2000/B06160SFN2000.htm
7/17/2000	https://www.retrosheet.org/boxesetc/2000/B07170SFN2000.htm
7/18/2000	https://www.retrosheet.org/boxesetc/2000/B07180SFN2000.htm
7/29/2000	https://www.retrosheet.org/boxesetc/2000/B07290OAK2000.htm
8/4/2000	https://www.retrosheet.org/boxesetc/2000/B08040SFN2000.htm
8/27/2000	https://www.retrosheet.org/boxesetc/2000/B08270OAK2000.htm
9/2/2000	https://www.retrosheet.org/boxesetc/2000/B09020HOU2000.htm
10/3/2000	https://www.retrosheet.org/boxesetc/2000/B10030OAK2000.htm
10/4/2000	https://www.retrosheet.org/boxesetc/2000/B10040OAK2000.htm
10/8/2000	https://www.retrosheet.org/boxesetc/2000/B10080OAK2000.htm
4/6/2001	https://www.retrosheet.org/boxesetc/2001/B04060OAK2001.htm
4/11/2001	https://www.retrosheet.org/boxesetc/2001/B04110OAK2001.htm
5/6/2001	https://www.retrosheet.org/boxesetc/2001/B05060OAK2001.htm
5/16/2001	https://www.retrosheet.org/boxesetc/2001/B05160OAK2001.htm
6/3/2001	https://www.retrosheet.org/boxesetc/2001/B06030OAK2001.htm
6/23/2001	https://www.retrosheet.org/boxesetc/2001/B06230OAK2001.htm
6/24/2001	https://www.retrosheet.org/boxesetc/2001/B06240OAK2001.htm
7/20/2001	https://www.retrosheet.org/boxesetc/2001/B07200SFN2001.htm
7/24/2001	https://www.retrosheet.org/boxesetc/2001/B07240OAK2001.htm
7/27/2001	https://www.retrosheet.org/boxesetc/2001/B07270OAK2001.htm
7/28/2001	https://www.retrosheet.org/boxesetc/2001/B07280OAK2001.htm
7/29/2001	https://www.retrosheet.org/boxesetc/2001/B07290OAK2001.htm
8/2/2001	https://www.retrosheet.org/boxesetc/2001/B08020MIL2001.htm
8/7/2001	https://www.retrosheet.org/boxesetc/2001/B08070OAK2001.htm
8/10/2001	https://www.retrosheet.org/boxesetc/2001/B08100OAK2001.htm
8/11/2001	https://www.retrosheet.org/boxesetc/2001/B08110OAK2001.htm
8/14/2001	https://www.retrosheet.org/boxesetc/2001/B08140SFN2001.htm
8/17/2001	https://www.retrosheet.org/boxesetc/2001/B08170SFN2001.htm
8/21/2001	https://www.retrosheet.org/boxesetc/2001/B08210OAK2001.htm
8/24/2001	https://www.retrosheet.org/boxesetc/2001/B08240OAK2001.htm
8/25/2001	https://www.retrosheet.org/boxesetc/2001/B08250OAK2001.htm
8/26/2001	https://www.retrosheet.org/boxesetc/2001/B08260OAK2001.htm
9/1/2001	https://www.retrosheet.org/boxesetc/2001/B09010SFN2001.htm
9/3/2001	https://www.retrosheet.org/boxesetc/2001/B09030OAK2001.htm
9/4/2001	https://www.retrosheet.org/boxesetc/2001/B09040OAK2001.htm
9/9/2001	https://www.retrosheet.org/boxesetc/2001/B09090OAK2001.htm
9/18/2001	https://www.retrosheet.org/boxesetc/2001/B09180SFN2001.htm
9/19/2001	https://www.retrosheet.org/boxesetc/2001/B09190SFN2001.htm
9/22/2001	https://www.retrosheet.org/boxesetc/2001/B09220OAK2001.htm
9/26/2001	https://www.retrosheet.org/boxesetc/2001/B08260OAK2001.htm
10/2/2001	https://www.retrosheet.org/boxesetc/2001/B10020OAK2001.htm
10/13/2001	https://www.retrosheet.org/boxesetc/2001/B10130OAK2001.htm
4/1/2002	https://www.retrosheet.org/boxesetc/2002/B04010OAK2002.htm
4/6/2002	https://www.retrosheet.org/boxesetc/2002/B04060SFN2002.htm
4/27/2002	https://www.retrosheet.org/boxesetc/2002/B04270OAK2002.htm
5/7/2002	https://www.retrosheet.org/boxesetc/2002/B05070OAK2002.htm
5/11/2002	https://www.retrosheet.org/boxesetc/2002/B05110OAK2002.htm
5/24/2002	https://www.retrosheet.org/boxesetc/2002/B05240OAK2002.htm
5/25/2002	https://www.retrosheet.org/boxesetc/2002/B05250OAK2002.htm
6/7/2002	https://www.retrosheet.org/boxesetc/2002/B06070OAK2002.htm
6/8/2002	https://www.retrosheet.org/boxesetc/2002/B06080OAK2002.htm
6/9/2002	https://www.retrosheet.org/boxesetc/2002/B06090OAK2002.htm
6/21/2002	https://www.retrosheet.org/boxesetc/2002/B06210SFN2002.htm
7/4/2002	https://www.retrosheet.org/boxesetc/2002/B07040OAK2002.htm
7/29/2002	https://www.retrosheet.org/boxesetc/2002/B07290OAK2002.htm
8/3/2002	https://www.retrosheet.org/boxesetc/2002/B08030OAK2002.htm
8/16/2002	https://www.retrosheet.org/boxesetc/2002/B08160OAK2002.htm
8/17/2002	https://www.retrosheet.org/boxesetc/2002/B08170OAK2002.htm
8/18/2002	https://www.retrosheet.org/boxesetc/2002/B08180OAK2002.htm
8/30/2002	https://www.retrosheet.org/boxesetc/2002/B08300OAK2002.htm
8/31/2002	https://www.retrosheet.org/boxesetc/2002/B08310OAK2002.htm
9/1/2002	https://www.retrosheet.org/boxesetc/2002/B09010OAK2002.htm
9/2/2002	https://www.retrosheet.org/boxesetc/2002/B09020OAK2002.htm
9/4/2002	https://www.retrosheet.org/boxesetc/2002/B09040OAK2002.htm
9/18/2002	https://www.retrosheet.org/boxesetc/2002/B09180OAK2002.htm
9/22/2002	https://www.retrosheet.org/boxesetc/2002/B09220OAK2002.htm
9/27/2002	https://www.retrosheet.org/boxesetc/2002/B09270SFN2002.htm
9/28/2002	https://www.retrosheet.org/boxesetc/2002/B09280SFN2002.htm
10/1/2002	https://www.retrosheet.org/boxesetc/2002/B10010OAK2002.htm
10/2/2002	https://www.retrosheet.org/boxesetc/2002/B10020OAK2002.htm
10/12/2002	https://www.retrosheet.org/boxesetc/2002/B10120SFN2002.htm
4/5/2003	https://www.retrosheet.org/boxesetc/2003/B04050OAK2003.htm
4/15/2003	https://www.retrosheet.org/boxesetc/2003/B04150SFN2003.htm
4/19/2003	https://www.retrosheet.org/boxesetc/2003/B04190OAK2003.htm
4/20/2003	https://www.retrosheet.org/boxesetc/2003/B04200OAK2003.htm
4/25/2003	https://www.retrosheet.org/boxesetc/2003/B04250OAK2003.htm
4/26/2003	https://www.retrosheet.org/boxesetc/2003/B04260OAK2003.htm
5/10/2003	https://www.retrosheet.org/boxesetc/2003/B05100OAK2003.htm
5/25/2003	https://www.retrosheet.org/boxesetc/2003/B05250CIN2003.htm
6/10/2003	https://www.retrosheet.org/boxesetc/2003/B06100OAK2003.htm
7/2/2003	https://www.retrosheet.org/boxesetc/2003/B07020OAK2003.htm
7/7/2003	https://www.retrosheet.org/boxesetc/2003/B07070SFN2003.htm
7/12/2003	https://www.retrosheet.org/boxesetc/2003/B07120OAK2003.htm
8/2/2003	https://www.retrosheet.org/boxesetc/2003/B08020OAK2003.htm
8/3/2003	https://www.retrosheet.org/boxesetc/2003/B08030OAK2003.htm
8/11/2003	https://www.retrosheet.org/boxesetc/2003/B08110OAK2003.htm
8/14/2003	https://www.retrosheet.org/boxesetc/2003/B08140OAK2003.htm
8/16/2003	https://www.retrosheet.org/boxesetc/2003/B08160OAK2003.htm
8/17/2003	https://www.retrosheet.org/boxesetc/2003/B08170OAK2003.htm
8/22/2003	https://www.retrosheet.org/boxesetc/2003/B08220SFN2003.htm
9/7/2003	https://www.retrosheet.org/boxesetc/2003/B09070NYA2003.htm
9/13/2003	https://www.retrosheet.org/boxesetc/2003/B09130SFN2003.htm
9/19/2003	https://www.retrosheet.org/boxesetc/2003/B09190OAK2003.htm
9/20/2003	https://www.retrosheet.org/boxesetc/2003/B09200OAK2003.htm
9/21/2003	https://www.retrosheet.org/boxesetc/2003/B09210OAK2003.htm
10/1/2003	https://www.retrosheet.org/boxesetc/2003/B10010OAK2003.htm
10/2/2003	https://www.retrosheet.org/boxesetc/2003/B10020OAK2003.htm
10/6/2003	https://www.retrosheet.org/boxesetc/2003/B10060OAK2003.htm
4/6/2004	https://www.retrosheet.org/boxesetc/2004/B04060OAK2004.htm
4/9/2004	https://www.retrosheet.org/boxesetc/2004/B04090OAK2004.htm
4/11/2004	https://www.retrosheet.org/boxesetc/2004/B04110OAK2004.htm
4/24/2004	https://www.retrosheet.org/boxesetc/2004/B04240OAK2004.htm
5/4/2004	https://www.retrosheet.org/boxesetc/2004/B05040OAK2004.htm
5/8/2004	https://www.retrosheet.org/boxesetc/2004/B05080OAK2004.htm
6/5/2004	https://www.retrosheet.org/boxesetc/2004/B06050OAK2004.htm
6/6/2004	https://www.retrosheet.org/boxesetc/2004/B06060OAK2004.htm
6/9/2004	https://www.retrosheet.org/boxesetc/2004/B06090OAK2004.htm
6/12/2004	https://www.retrosheet.org/boxesetc/2004/B06120OAK2004.htm
6/26/2004	https://www.retrosheet.org/boxesetc/2004/B06260OAK2004.htm
7/16/2004	https://www.retrosheet.org/boxesetc/2004/B07160OAK2004.htm
7/24/2004	https://www.retrosheet.org/boxesetc/2004/B07240OAK2004.htm
8/10/2004	https://www.retrosheet.org/boxesetc/2004/B08100OAK2004.htm
8/16/2004	https://www.retrosheet.org/boxesetc/2004/B08160SFN2004.htm
8/24/2004	https://www.retrosheet.org/boxesetc/2004/B08240OAK2004.htm
8/29/2004	https://www.retrosheet.org/boxesetc/2004/B08290OAK2004.htm
8/31/2004	https://www.retrosheet.org/boxesetc/2004/B08310SFN2004.htm
9/7/2004	https://www.retrosheet.org/boxesetc/2004/B09070OAK2004.htm
9/10/2004	https://www.retrosheet.org/boxesetc/2004/B09100OAK2004.htm
9/11/2004	https://www.retrosheet.org/boxesetc/2004/B09110OAK2004.htm
9/12/2004	https://www.retrosheet.org/boxesetc/2004/B09120OAK2004.htm
9/14/2004	https://www.retrosheet.org/boxesetc/2004/B09140OAK2004.htm
9/21/2004	https://www.retrosheet.org/boxesetc/2004/B09210SFN2004.htm
9/23/2004	https://www.retrosheet.org/boxesetc/2004/B09230SFN2004.htm
9/25/2004	https://www.retrosheet.org/boxesetc/2004/B09270OAK2004.htm
10/1/2004	https://www.retrosheet.org/boxesetc/2004/B10010OAK2004.htm
10/2/2004	https://www.retrosheet.org/boxesetc/2004/B10020OAK2004.htm
4/15/2005	https://www.retrosheet.org/boxesetc/2005/B04150OAK2005.htm
4/16/2005	https://www.retrosheet.org/boxesetc/2005/B04160OAK2005.htm
4/17/2005	https://www.retrosheet.org/boxesetc/2005/B04170OAK2005.htm
4/26/2005	https://www.retrosheet.org/boxesetc/2005/B04260OAK2005.htm
4/29/2005	https://www.retrosheet.org/boxesetc/2005/B04290OAK2005.htm
4/30/2005	https://www.retrosheet.org/boxesetc/2005/B04300OAK2005.htm
5/1/2005	https://www.retrosheet.org/boxesetc/2005/B05010OAK2005.htm
5/13/2005	https://www.retrosheet.org/boxesetc/2005/B05130OAK2005.htm
5/14/2005	https://www.retrosheet.org/boxesetc/2005/B05140OAK2005.htm
6/18/2005	https://www.retrosheet.org/boxesetc/2005/B06180OAK2005.htm
7/16/2005	https://www.retrosheet.org/boxesetc/2005/B07160OAK2005.htm
8/5/2005	https://www.retrosheet.org/boxesetc/2005/B08050SFN2005.htm
8/6/2005	https://www.retrosheet.org/boxesetc/2005/B08060SFN2005.htm
8/7/2005	https://www.retrosheet.org/boxesetc/2005/B08070SFN2005.htm
8/13/2005	https://www.retrosheet.org/boxesetc/2005/B08130OAK2005.htm
8/19/2005	https://www.retrosheet.org/boxesetc/2005/B08190OAK2005.htm
9/19/2005	https://www.retrosheet.org/boxesetc/2005/B09190OAK2005.htm
5/8/2006	https://www.retrosheet.org/boxesetc/2006/B05080SFN2006.htm
6/2/2007	https://www.retrosheet.org/boxesetc/2007/B06020HOU2007.htm
9/7/2007	https://www.retrosheet.org/boxesetc/2007/B09090TEX2007.htm
4/28/2008	https://www.retrosheet.org/boxesetc/2008/B04280SFN2008.htm
6/14/2008	https://www.retrosheet.org/boxesetc/2008/B06140HOU2008.htm
6/27/2008	https://www.retrosheet.org/boxesetc/2008/B06270HOU2008.htm
7/11/2008	https://www.retrosheet.org/boxesetc/2008/B07110OAK2008.htm
8/20/2008	https://www.retrosheet.org/boxesetc/2008/B08200SFN2008.htm
4/17/2009	https://www.retrosheet.org/boxesetc/2009/B04170SFN2009.htm
6/9/2009	https://www.retrosheet.org/boxesetc/2009/B06090OAK2009.htm
8/4/2009	https://www.retrosheet.org/boxesetc/2009/B08040OAK2009.htm
4/12/2011	https://www.retrosheet.org/boxesetc/2011/B04120SFN2011.htm
4/14/2011	https://www.retrosheet.org/boxesetc/2011/B04140OAK2011.htm
6/19/2011	https://www.retrosheet.org/boxesetc/2011/B06190OAK2011.htm
4/22/2014	https://www.retrosheet.org/boxesetc/2014/B04220OAK2014.htm
4/27/2014	https://www.retrosheet.org/boxesetc/2014/B04270SFN2014.htm
7/27/2014	https://www.retrosheet.org/boxesetc/2014/B07270SFN2014.htm
8/1/2014	https://www.retrosheet.org/boxesetc/2014/B08010OAK2014.htm
6/13/2015	https://www.retrosheet.org/boxesetc/2015/B06130SFN2015.htm
7/5/2015	https://www.retrosheet.org/boxesetc/2015/B07050TEX2015.htm
9/21/2015	https://www.retrosheet.org/boxesetc/2015/B09210HOU2015.htm
10/11/2015	https://www.retrosheet.org/boxesetc/2015/B10110HOU2015.htm
7/4/2016	https://www.retrosheet.org/boxesetc/2016/B07040HOU2016.htm
9/25/2016	https://www.retrosheet.org/boxesetc/2016/B09250HOU2016.htm
6/10/2017	https://www.retrosheet.org/boxesetc/2017/B06100SFN2017.htm
6/18/2017	https://www.retrosheet.org/boxesetc/2017/B06180HOU2017.htm
7/5/2019	https://www.retrosheet.org/boxesetc/2019/B07050HOU2019.htm
4/24/2022	https://www.retrosheet.org/boxesetc/2022/B04240HOU2022.htm
6/14/2022	https://www.retrosheet.org/boxesetc/2022/B06140SFN2022.htm
9/10/2022	https://www.retrosheet.org/boxesetc/2022/B09100HOU2022.htm
9/2/2024	https://www.retrosheet.org/boxesetc/2024/B09020TEX2024.htm
9/7/2024	https://www.retrosheet.org/boxesetc/2024/B09070OAK2024.htm
9/19/2025	https://www.baseball-reference.com/boxes/HOU/HOU202509190.shtml
